[
  {
    "tex": "$\\\\dfrac{d}{dx}\\\\big(x^2\\\\big)=2x$",
    "isTrue": true
  },
  {
    "tex": "$\\\\dfrac{d}{dx}(\\\\sin x)=\\\\cos x$",
    "isTrue": true
  },
  {
    "tex": "$\\\\dfrac{d}{dx}(\\\\cos x)=\\\\sin x$",
    "isTrue": false
  },
  {
    "tex": "$\\\\dfrac{d}{dx}(e^x)=e^x$",
    "isTrue": true
  },
  {
    "tex": "$\\\\dfrac{d}{dx}(\\\\ln x)=\\\\dfrac{1}{x^2}$",
    "isTrue": false
  },
  {
    "text": "Sabit bir sayının türevi sıfırdır.",
    "isTrue": true
  },
  {
    "tex": "$\\\\dfrac{d}{dx}\\\\big(3x^3\\\\big)=6x^2$",
    "isTrue": false
  },
  {
    "tex": "$\\\\dfrac{d}{dx}(\\\\tan x)=\\\\sec^2 x$",
    "isTrue": true
  },
  {
    "tex": "$\\\\dfrac{d}{dx}(x^5)=4x^4$",
    "isTrue": false
  },
  {
    "tex": "$\\\\dfrac{d}{dx}(\\\\sqrt{x})=\\\\dfrac{1}{2\\\\sqrt{x}}$",
    "isTrue": true
  },
  {
    "tex": "$\\\\dfrac{d}{dx}(x^n)=n x^{n-1}$",
    "isTrue": true
  },
  {
    "text": "Ürün kuralı: d(uv)=u'v+uv'",
    "isTrue": true
  },
  {
    "text": "Zincir kuralı: (f∘g)' = f'·g'",
    "isTrue": false
  },
  {
    "tex": "$\\\\dfrac{d}{dx}(\\\\ln|x|)=\\\\dfrac{1}{x}$",
    "isTrue": true
  },
  {
    "tex": "$\\\\dfrac{d}{dx}(a^x)=a^x\\\\ln a$",
    "isTrue": true
  },
  {
    "tex": "$\\\\dfrac{d}{dx}(\\\\sin x)=-\\\\cos x$",
    "isTrue": false
  },
  {
    "tex": "$\\\\dfrac{d}{dx}\\\\big(\\\\dfrac{1}{x}\\\\big)=-\\\\dfrac{1}{x^2}$",
    "isTrue": true
  },
  {
    "tex": "$\\\\dfrac{d}{dx}(\\\\cos x)=-\\\\sin x$",
    "isTrue": true
  },
  {
    "tex": "$\\\\dfrac{d}{dx}(\\\\arctan x)=\\\\dfrac{1}{1+x^2}$",
    "isTrue": true
  },
  {
    "text": "d/dx(|x|) = 1 her x için",
    "isTrue": false
  }
]